<?xml version="1.0" encoding="UTF-8"?>
<arqelem>
   <id> Castro do Barbudo; Monte do Castelo; Monte de Brito </id>
   <desc> Povoado fortificado</desc>
   <lugar> castro do Barbudo </lugar>
   <freguesia> Barbudo </freguesia>
   <concelho> Vila Verde </concelho>
   <acesso>O acesso a este povoado pode ser feito a partir da povoação do Barbudo, por caminho florestal.</acesso>
   <quadro>O castro do Barbudo ocupa o extremo SO do monte do mesmo nome, que se desenvolve numa larga e comprida plataforma. O síto onde assenta
			o  castro corresponde ao ponto mais elevado do monte, conhecido pelo topónimo "Castelo". </quadro>
   <descarq>O povoado possui uma situação topográfica notável: do seu ponto mais alto, domina-se, quer a bacia do Homem, quer boa parte da bacia
			do Cávado. Os vestígios de ocupação concentram-se nas vertentes norte e noroeste, viradas ao vale do Ribeiro de Rojão. No lado sul, virado
			ao vale do Cávado, a vertente do monte é escarpada; no lado este, a vertente é esbatida ligando-se ao esporão do monte, onde se encontram
			ainda inúmeros vestígios de ocupação. Esta área situa-se, contudo, já fora da zona fortificada do povoado. O 
				castro desenvolve-se em três largos tabuleiros planos, delimitados por três linhas de muralhas. No lado este do povoado, o
			menos defendido naturalmente, existem vestígios de uma quarta fortificação. Os dados obtidos no decorrer das escavações realizadas no
			povoado, entre 1983 e 1985, deixam perceber uma ocupação do sítio, entre o Bronze Final e a Alta Idade Média. Na vertente do monte virada
			a Carreiras foi descoberto, nos inícios do século, um tesouro monetário, composto por moedas dos séculos IV e V.</descarq>
</arqelem>
