<?xml version="1.0" encoding="UTF-8"?>
<arqelem>
   <id> Serra </id>
   <desc> Monumento megalítico </desc>
   <lugar/>
   <freguesia> Vila Chã </freguesia>
   <concelho> Esposende </concelho>
   <acesso>A partir do lugar da Granja, por estrada municipal e, depois, por caminho carreteiro e de pé posto. </acesso>
   <quadro>Pequeno planalto, a cerca de 1,5Km para Nordeste do Monte da Cerca com boa visibilidade para o vale do Neiva. </quadro>
   <descarq>Nos finais do século passado, Martins Sarmento escavou um núcleo de três monumentos megalíticos. Num deles, o do meio, na altura ainda
			com cinco esteios, foi exumado um vaso tronco-cónico em associação com treze pontas de seta, uma  lâmina e uma
			ponta de dardo. O vaso, com vestígios de fuligem num dos lados e asa lateral de inserção vertical, é de fabrico manual, pasta arenosa e
			grosseira. Apresenta, no início da pança, uma fiada de quatro mamilos alongados. A base é de fundo plano e a asa de secção
			sub-rectangular. Apareceram também fragmentos em ferro, o que prova estar o espólio remexido e invalida qualquer tentativa de
			contemporaneidade entre as diferentes peças. As características do vaso e os paralelos para ele encontrados no Norte de Portugal permitem
			inseri-lo entre os finais do IIIº milénio e meados do IIº milénio a.C.. </descarq>
</arqelem>
