<?xml version="1.0" encoding="UTF-8"?>
<arqelem>
   <id> Castro de Airó/ Castelo de Bastuço </id>
   <desc> Povoado fortificado</desc>
   <lugar> Outeiro do Castro </lugar>
   <freguesia> Airó </freguesia>
   <concelho> Barcelos </concelho>
   <acesso>O acesso pode fazer-se pela encosta Sul do monte, que liga o esporão à serra.</acesso>
   <quadro>Localiza-se no extremo Oeste da Serra de Airó, ocupando um esporão virado a NO, que domina a confluência dos rios Covo e Cávado. </quadro>
   <descarq>Na vertente Norte do monte registam-se vestígios de 3 linhas de muralhas. Na superfície encontram-se abundantes fragmentos de tégulas, imbrices e  cerâmica micácea, feita a torno. Entre a primeira e a
			segunda linhas de muralhas foram descobertas uma araem granito e uma pedra decorada. A
				ara está mutilada, apresentando a parte superior muito desgastada. Apenas se conservam bem as molduras das faces laterais.
			Possuía uma inscrição, actualmente ilegível, pois sobre o texto inicial foram feitas gravações modernas. A pedra decorada tem a forma de
			meio cilindro, com uma face plana. A decoração é composta por três SSS encadeados.</descarq>
</arqelem>
