[{"resource_state":2,"athlete":{"id":19961218,"resource_state":1},"name":"Pedalada matinal","distance":18849.8,"moving_time":2954,"elapsed_time":3108,"total_elevation_gain":244.3,"type":"Ride","workout_type":10,"id":2070741934,"external_id":"620099D4-FA6E-4B9E-A0CD-A68FA178E42A","upload_id":2212145613,"start_date":"2019-01-11T10:47:29Z","start_date_local":"2019-01-11T10:47:29Z","timezone":"(GMT+00:00) Europe/Lisbon","utc_offset":0,"start_latlng":[41.55,-8.42],"end_latlng":[41.56,-8.43],"location_city":null,"location_state":null,"location_country":"Portugal","start_latitude":41.55,"start_longitude":-8.42,"achievement_count":4,"kudos_count":5,"comment_count":0,"athlete_count":1,"photo_count":0,"map":{"id":"a2070741934","summary_polyline":"obr|Frrkr@y@N~@`DpCj@xh@iW{A}KjBwHdIuJjLyDxOsLqAoQx@yDcOcc@qKiEoZvDeYkT}ZuCcAb@r@vWoDfEw@{K_BsDeFyEg@bEsA_@}Va_AcUcZwCaIoImY?w^gNeMq[kDeLtDib@dCq@nB`E|Bhg@c@hJlDtAlKvDvI~@xKdI|KrKnb@vI`OzO^pC`CzDp]nNbZxG_@pB~Ar`@vnAmJnGpAtN~CnL`Chc@uDnCmLj@gH`EeA{CeEDgBsDiGnGe@w@yEfHhCdGfAmCyA{D`As@","resource_state":2},"trainer":false,"commute":false,"manual":false,"private":false,"visibility":"everyone","flagged":false,"gear_id":"b5125965","from_accepted_tag":false,"average_speed":6.381,"max_speed":13.7,"average_watts":141.3,"kilojoules":417.3,"device_watts":false,"has_heartrate":false,"heartrate_opt_out":false,"display_hide_heartrate_option":false,"elev_high":269.1,"elev_low":163.4,"pr_count":1,"total_photo_count":0,"has_kudoed":false},{"resource_state":2,"athlete":{"id":19961218,"resource_state":1},"name":"Pedalada matinal","distance":22947.4,"moving_time":3623,"elapsed_time":3646,"total_elevation_gain":374.5,"type":"Ride","workout_type":10,"id":2068458760,"external_id":"FE30E63B-2AB8-4E6A-9B17-7A02D043CFAB","upload_id":2209782758,"start_date":"2019-01-10T09:27:07Z","start_date_local":"2019-01-10T09:27:07Z","timezone":"(GMT+00:00) Europe/Lisbon","utc_offset":0,"start_latlng":[41.56,-8.43],"end_latlng":[41.56,-8.43],"location_city":null,"location_state":null,"location_country":"Portugal","start_latitude":41.56,"start_longitude":-8.43,"achievement_count":5,"kudos_count":6,"comment_count":0,"athlete_count":1,"photo_count":0,"map":{"id":"a2068458760","summary_polyline":"e`t|F`slr@ZqBg@jKyBuF~B{CcCgLpG_@dKja@`]lVhCrH`FYjC|DfBoBlYo@jLsHjQnJtJkHqE{GEyDyQyHQaRjAaJwE}K{E_`@{IyHa@aEkCqAsFyTsLaR{GkF{JeQ{AyHkEmGWoIiFyHsAy@a@bE{CrAiJ|@oFePoDs@q@aEqEJYvBnA[sBx@fB_@EyBbCWgOeGoJ?iFgD}Ir@eAyDEyJmPhBcH}BeGsGqHeBsExCuED{C~CcI_E}BcLHuJ_L|GwC|H}SfJnKrh@}GjIYbNxIrZdVxIdKlRxMfHzD|k@rMxHnHpJjBxZf[lVpLnY|E|XgKpTbBnYW~Nv@_@G}N{AcYzJ_TmEq[rSlBxGcCtDxBlL_FvDoH}@wM_LoBcAmN","resource_state":2},"trainer":false,"commute":false,"manual":false,"private":false,"visibility":"everyone","flagged":false,"gear_id":"b5125965","from_accepted_tag":false,"average_speed":6.334,"max_speed":15.3,"average_watts":151.9,"kilojoules":550.2,"device_watts":false,"has_heartrate":false,"heartrate_opt_out":false,"display_hide_heartrate_option":false,"elev_high":268.8,"elev_low":52.1,"pr_count":3,"total_photo_count":0,"has_kudoed":false},{"resource_state":2,"athlete":{"id":19961218,"resource_state":1},"name":"Treino semanal","distance":2250,"moving_time":3600,"elapsed_time":3600,"total_elevation_gain":0,"type":"Swim","id":2064840971,"external_id":null,"upload_id":null,"start_date":"2019-01-08T15:30:00Z","start_date_local":"2019-01-08T15:30:00Z","timezone":"(GMT+00:00) Europe/Lisbon","utc_offset":0,"start_latlng":null,"end_latlng":null,"location_city":null,"location_state":null,"location_country":"Portugal","start_latitude":null,"start_longitude":null,"achievement_count":0,"kudos_count":8,"comment_count":0,"athlete_count":1,"photo_count":0,"map":{"id":"a2064840971","summary_polyline":null,"resource_state":2},"trainer":false,"commute":false,"manual":true,"private":false,"visibility":"everyone","flagged":false,"gear_id":null,"from_accepted_tag":null,"average_speed":0.625,"max_speed":0,"has_heartrate":false,"heartrate_opt_out":false,"display_hide_heartrate_option":false,"pr_count":0,"total_photo_count":0,"has_kudoed":false},{"resource_state":2,"athlete":{"id":19961218,"resource_state":1},"name":"Pedalada matinal","distance":29931.4,"moving_time":5133,"elapsed_time":5381,"total_elevation_gain":565.2,"type":"Ride","workout_type":10,"id":2061805995,"external_id":"B0E19F34-1801-4946-B40E-2759056D300C","upload_id":2202905852,"start_date":"2019-01-07T10:48:23Z","start_date_local":"2019-01-07T10:48:23Z","timezone":"(GMT+00:00) Europe/Lisbon","utc_offset":0,"start_latlng":[41.56,-8.43],"end_latlng":[41.56,-8.43],"location_city":null,"location_state":null,"location_country":"Portugal","start_latitude":41.56,"start_longitude":-8.43,"achievement_count":1,"kudos_count":7,"comment_count":0,"athlete_count":1,"photo_count":0,"map":{"id":"a2061805995","summary_polyline":"q`t|Fjrlr@r@bDs@pB_CeFbCoCcCgLfHc@tJpa@v\\tUvCdIhGm@vAvDx\\iC|MyHxOdJxJaHmEyGOqDiFaDqEBwC}D~@i\\gDqHsG_c@gJsHYgEaCkAkE_RaEiIyPqRgK{PeAmHuEwH]aIeIwJ\\gJqGkD}A_DpC}RrI_GUkNrJcA~AeQbIyEMiBqJ{D|IeB}_@cEgCmEqDYfDq@fDbCyB{G`PgLlGp@|GzF`DgAtNhAlPyHrDkEjUJnU}RFyJuDqCkFt@oAhF~JwDiLzEAbDyGbIqHuJ{Ex@h@qJrDmG_I}NgUrBwC{AkDaJiEV{AqCsHsBpFuKl@yG]uD{DqAbAcIcBgCaGFaGtE{JcGyCp@qPtRsEfBoHeCsF_LkCqAmJd@aC~Db@hQ`C~KWrNnB~AjLFbAdB?fM`HtGa@pD{HEwCpK{GtBr@la@|Lf_@|Uf\\pWncAvAc@`@}GxGnGhBnOfEpDlCpMn_@vf@xF|Ssb@lYhBp_@oAbE_Nj@eIjEgAiDqDLqByD_O`OvC~FbAwCeB}D","resource_state":2},"trainer":false,"commute":false,"manual":false,"private":false,"visibility":"everyone","flagged":false,"gear_id":"b5125965","from_accepted_tag":false,"average_speed":5.831,"max_speed":19.7,"average_watts":152.7,"kilojoules":783.8,"device_watts":false,"has_heartrate":false,"heartrate_opt_out":false,"display_hide_heartrate_option":false,"elev_high":569.3,"elev_low":148.5,"pr_count":1,"total_photo_count":0,"has_kudoed":false},{"resource_state":2,"athlete":{"id":19961218,"resource_state":1},"name":"S. Silvestre da Póvoa de Lanhoso","distance":9583.5,"moving_time":2720,"elapsed_time":2900,"total_elevation_gain":146.5,"type":"Run","workout_type":1,"id":2059181196,"external_id":"227C7B13-1EC5-45F0-A9DD-5500788D2BA5","upload_id":2200152894,"start_date":"2019-01-06T10:15:26Z","start_date_local":"2019-01-06T10:15:26Z","timezone":"(GMT+00:00) Europe/Lisbon","utc_offset":0,"start_latlng":[41.57,-8.27],"end_latlng":[41.57,-8.27],"location_city":null,"location_state":null,"location_country":"Portugal","start_latitude":41.57,"start_longitude":-8.27,"achievement_count":10,"kudos_count":8,"comment_count":0,"athlete_count":13,"photo_count":0,"map":{"id":"a2059181196","summary_polyline":"qyv|Fjinq@oMcA~F{UTmHyBaJcHlG}CvG`AnBjFx@qBzDeFiEcAv@bJbOeDt@]lC{DpCwDs@iBjBsE{AsJtF_AkAtKqEdPkB`GvEF`CzF`KxASsGiQrBkCfNv@kOyApD_J~AoNF_EuBuIgHjG_DvGjHdEyCpDqDwE{@x@~CfJrDzBuK|J_DaAeBtB}EgBaJhGkAcAbKkFpPsBhGnEErCxGfKfAc@[yB}F_MtAwChOp@sBY","resource_state":2},"trainer":false,"commute":false,"manual":false,"private":false,"visibility":"everyone","flagged":false,"gear_id":"g3553344","from_accepted_tag":false,"average_speed":3.305,"max_speed":4.9,"has_heartrate":false,"heartrate_opt_out":false,"display_hide_heartrate_option":false,"elev_high":208.1,"elev_low":182.3,"pr_count":1,"total_photo_count":0,"has_kudoed":false},{"resource_state":2,"athlete":{"id":19961218,"resource_state":1},"name":"Pedalada matinal","distance":24481.4,"moving_time":3613,"elapsed_time":3613,"total_elevation_gain":368.8,"type":"Ride","workout_type":10,"id":2056614472,"external_id":"5DFB3FAC-8029-4B55-958A-59668A829B0F","upload_id":2197449724,"start_date":"2019-01-05T09:31:50Z","start_date_local":"2019-01-05T09:31:50Z","timezone":"(GMT+00:00) Europe/Lisbon","utc_offset":0,"start_latlng":[41.56,-8.43],"end_latlng":[41.56,-8.43],"location_city":null,"location_state":null,"location_country":"Portugal","start_latitude":41.56,"start_longitude":-8.43,"achievement_count":0,"kudos_count":4,"comment_count":0,"athlete_count":1,"photo_count":0,"map":{"id":"a2056614472","summary_polyline":"q`t|Frqlr@`AfEk@vBsC_G|BiC{DoOpCoBq@wCsFqA_GhDyBgFyATqA_CgJ?{WxTiNy@qBeNaWuVsDki@uN}HuKcRyTuI}HyUV{QhGkHcK{i@qS}FaJcTi@qIoE_NwEgE_JiT{DsAmMgQbDwKgNuXeB_N^{LwS{\\QwGjEuCbBkF@gJjCwRiKsTfAuGbCk@rAuCt@fEbATrAkHfBBfOtXB|CmBbDh@tB~BdBzIcB|Ft@TlF~FfKfCzKbDj@zDlGlCuClBjFpIfEl@xElF`Hr@|Dq@tMcBvB?dCzEfKxJlItD~LxQpCtBeBxs@{FrU~CrJdKbA~CJr]pL|^zWf_@pU`_Axb@drAoJfG|El\\RgC_Ak@bArCz@nWcAbNgNzAcHdEoAcD{DN_BgDaOjNxBjGdAcCs@mD","resource_state":2},"trainer":false,"commute":false,"manual":false,"private":false,"visibility":"everyone","flagged":false,"gear_id":"b5125965","from_accepted_tag":false,"average_speed":6.776,"max_speed":15.5,"average_watts":156.2,"kilojoules":564.2,"device_watts":false,"has_heartrate":false,"heartrate_opt_out":false,"display_hide_heartrate_option":false,"elev_high":276.3,"elev_low":83.3,"pr_count":0,"total_photo_count":0,"has_kudoed":false},{"resource_state":2,"athlete":{"id":19961218,"resource_state":1},"name":"Treino semanal","distance":1850,"moving_time":3000,"elapsed_time":3000,"total_elevation_gain":0,"type":"Swim","id":2055835600,"external_id":null,"upload_id":null,"start_date":"2019-01-04T15:00:00Z","start_date_local":"2019-01-04T15:00:00Z","timezone":"(GMT+00:00) Europe/Lisbon","utc_offset":0,"start_latlng":null,"end_latlng":null,"location_city":null,"location_state":null,"location_country":"Portugal","start_latitude":null,"start_longitude":null,"achievement_count":0,"kudos_count":2,"comment_count":0,"athlete_count":1,"photo_count":0,"map":{"id":"a2055835600","summary_polyline":null,"resource_state":2},"trainer":false,"commute":false,"manual":true,"private":false,"visibility":"everyone","flagged":false,"gear_id":null,"from_accepted_tag":null,"average_speed":0.617,"max_speed":0,"has_heartrate":false,"heartrate_opt_out":false,"display_hide_heartrate_option":false,"pr_count":0,"total_photo_count":0,"has_kudoed":false},{"resource_state":2,"athlete":{"id":19961218,"resource_state":1},"name":"Treino de Squash com o Miguel Ferreira","distance":5000,"moving_time":3600,"elapsed_time":3600,"total_elevation_gain":0,"type":"Workout","id":2064843451,"external_id":null,"upload_id":null,"start_date":"2019-01-03T18:00:00Z","start_date_local":"2019-01-03T18:00:00Z","timezone":"(GMT+00:00) Europe/Lisbon","utc_offset":0,"start_latlng":null,"end_latlng":null,"location_city":null,"location_state":null,"location_country":"Portugal","start_latitude":null,"start_longitude":null,"achievement_count":0,"kudos_count":1,"comment_count":0,"athlete_count":1,"photo_count":0,"map":{"id":"a2064843451","summary_polyline":null,"resource_state":2},"trainer":false,"commute":false,"manual":true,"private":false,"visibility":"everyone","flagged":false,"gear_id":null,"from_accepted_tag":null,"average_speed":1.389,"max_speed":0,"has_heartrate":false,"heartrate_opt_out":false,"display_hide_heartrate_option":false,"pr_count":0,"total_photo_count":0,"has_kudoed":false},{"resource_state":2,"athlete":{"id":19961218,"resource_state":1},"name":"Pedalada matinal","distance":17251.9,"moving_time":5209,"elapsed_time":5504,"total_elevation_gain":537.2,"type":"Ride","workout_type":10,"id":2047889215,"external_id":"C002DC60-CDEC-4532-A186-68C6621FBDAC","upload_id":2188228871,"start_date":"2019-01-01T08:44:36Z","start_date_local":"2019-01-01T08:44:36Z","timezone":"(GMT+00:00) Europe/Lisbon","utc_offset":0,"start_latlng":[41.6,-8.05],"end_latlng":[41.6,-8.05],"location_city":null,"location_state":null,"location_country":"Portugal","start_latitude":41.6,"start_longitude":-8.05,"achievement_count":3,"kudos_count":8,"comment_count":0,"athlete_count":1,"photo_count":0,"map":{"id":"a2047889215","summary_polyline":"og{|Fxxbp@v@bBlBcE{Agb@qJ{IiN|BoEkDyBxGwGuDmCaHyG_EgHgMnFsNz@yKfDTnBwCq@uFgJ_PaPgOwEkADsHpA_BaDeLkFRcCeE{MgJeB{HyGiIgCmNwGsFBsEhFiABsExAiA~HlAdBzCQyRhTw\\`\\vQtN|AvNeAlAtC~RtJpQsEtByJvHdAxBnDYbEuApAjCnInCzBn@zFfDhEcChIqImDy@bHeHIs@`JqChCqDQ^tG_GnNV`B|F`@rA~CAvMhB~BbA`P_ORkGfF@pHiHYcG~FyNiAMpHwFf@_AhKmFlP|H`LnEvBlClHvF|AbBhCHkDvAkBxEjDjNuBpKfJT``@sA`GaAeC","resource_state":2},"trainer":false,"commute":false,"manual":false,"private":false,"visibility":"everyone","flagged":false,"gear_id":"b5125965","from_accepted_tag":false,"average_speed":3.312,"max_speed":13.7,"average_watts":103.3,"kilojoules":538.2,"device_watts":false,"has_heartrate":false,"heartrate_opt_out":false,"display_hide_heartrate_option":false,"elev_high":1078.8,"elev_low":655.3,"pr_count":1,"total_photo_count":4,"has_kudoed":false},{"resource_state":2,"athlete":{"id":19961218,"resource_state":1},"name":"Caminhada da hora do almoço","distance":4141,"moving_time":4427,"elapsed_time":5589,"total_elevation_gain":108.8,"type":"Walk","id":2046529208,"external_id":"91C49D6B-9158-4AA3-AC19-5625C341CC61","upload_id":2186770600,"start_date":"2018-12-31T12:36:44Z","start_date_local":"2018-12-31T12:36:44Z","timezone":"(GMT+00:00) Europe/Lisbon","utc_offset":0,"start_latlng":[41.6,-8.05],"end_latlng":[41.6,-8.05],"location_city":null,"location_state":null,"location_country":"Portugal","start_latitude":41.6,"start_longitude":-8.05,"achievement_count":0,"kudos_count":9,"comment_count":0,"athlete_count":1,"photo_count":0,"map":{"id":"a2046529208","summary_polyline":"uy{|Ftncp@d@i@}@hAd@~ErBvD}@rAnBbHpBf@LpC|MsEzCrAeA`A?cCcDm@}HbGyA]oEcL`@mDiBkDgBgQhKsEpAtAxCwAl@mE{AqBv@~@","resource_state":2},"trainer":false,"commute":false,"manual":false,"private":false,"visibility":"everyone","flagged":false,"gear_id":"g3553344","from_accepted_tag":false,"average_speed":0.935,"max_speed":9.7,"has_heartrate":false,"heartrate_opt_out":false,"display_hide_heartrate_option":false,"elev_high":658.5,"elev_low":563.6,"pr_count":0,"total_photo_count":4,"has_kudoed":false},{"resource_state":2,"athlete":{"id":19961218,"resource_state":1},"name":"Pedalada matinal","distance":17833.3,"moving_time":5656,"elapsed_time":6157,"total_elevation_gain":572.7,"type":"Ride","workout_type":10,"id":2045985214,"external_id":"97219EED-31F9-41D9-8C82-68BE18A681AB","upload_id":2186197258,"start_date":"2018-12-31T08:45:43Z","start_date_local":"2018-12-31T08:45:43Z","timezone":"(GMT+00:00) Europe/Lisbon","utc_offset":0,"start_latlng":[41.6,-8.05],"end_latlng":[41.6,-8.05],"location_city":null,"location_state":null,"location_country":"Portugal","start_latitude":41.6,"start_longitude":-8.05,"achievement_count":1,"kudos_count":9,"comment_count":0,"athlete_count":1,"photo_count":0,"map":{"id":"a2045985214","summary_polyline":"uf{|Fr|bp@aAmC~Bt@dA_QoBaUmKwHuL`CeEeDsBhGaHgDoC_HwGwDoHeNbFiNfAsKpCJvBcCc@qFeHoNwPoOgG}BIoH|AsAwD{LgE@_QuNwBiDIuCuHiKcCcMuGoFHiFdFsApAoGnIpAlBfDHcUnT}[pB}IgB|JpWfP`RnCzMkA|A|C|R`JjQqE`DsJrH|@~AtFy@~IpFhH\\nFjDzFuBtHnJjK}LcNyGoA}@rHkGUQzFuAnCkGv@FxH_GfPvGj@nAhBJdPjBbC`A`OcPPwEtEIfIoJRiErFgO}AXhHcG^wAtL_FpOrIlMhGlDrCfH~FrCt@Na@{C~BeDzChDhO}AtIxIbB`TiBdSkAeA\\sA","resource_state":2},"trainer":false,"commute":false,"manual":false,"private":false,"visibility":"everyone","flagged":false,"gear_id":"b5125965","from_accepted_tag":false,"average_speed":3.153,"max_speed":11.9,"average_watts":100.9,"kilojoules":570.5,"device_watts":false,"has_heartrate":false,"heartrate_opt_out":false,"display_hide_heartrate_option":false,"elev_high":1078.8,"elev_low":650.6,"pr_count":0,"total_photo_count":4,"has_kudoed":false},{"resource_state":2,"athlete":{"id":19961218,"resource_state":1},"name":"Pedalada matinal","distance":12235.3,"moving_time":3612,"elapsed_time":3713,"total_elevation_gain":296.6,"type":"Ride","workout_type":10,"id":2043738798,"external_id":"ACA09099-EE38-4CEA-B5EB-F9D32A0E082F","upload_id":2183804904,"start_date":"2018-12-30T09:34:40Z","start_date_local":"2018-12-30T09:34:40Z","timezone":"(GMT+00:00) Europe/Lisbon","utc_offset":0,"start_latlng":[41.6,-8.05],"end_latlng":[41.6,-8.05],"location_city":null,"location_state":null,"location_country":"Portugal","start_latitude":41.6,"start_longitude":-8.05,"achievement_count":0,"kudos_count":6,"comment_count":0,"athlete_count":1,"photo_count":0,"map":{"id":"a2043738798","summary_polyline":"_h{|F`ybp@R_IxBu@C_Q{@cH{IcI_OzAwD{CoC`HyH}EkB_GcGeDcHcM}EUaD^mAzEoDhBzCxFaCvBpBcDaCgF~Bc@fCuGdIHhG_OUgEvAaFfCJdCsCwE_QeV{UwFkAvEfAbR`QvDzDdBdGxOxCtCeAjB}DrJk@SmHrEuD~QqAoP|@gGrEK~I_I?oD`FeQeAXjFwGxB{@~KcF`O|GzKnH~E~BlHjItCGcCnBcD`DlDzMoBlK~InAfTsAxRgB\\j@kD","resource_state":2},"trainer":false,"commute":false,"manual":false,"private":false,"visibility":"everyone","flagged":false,"gear_id":"b5125965","from_accepted_tag":false,"average_speed":3.387,"max_speed":12.6,"average_watts":88.7,"kilojoules":320.5,"device_watts":false,"has_heartrate":false,"heartrate_opt_out":false,"display_hide_heartrate_option":false,"elev_high":897,"elev_low":650.6,"pr_count":0,"total_photo_count":0,"has_kudoed":false},{"resource_state":2,"athlete":{"id":19961218,"resource_state":1},"name":"Treino em férias","distance":1500,"moving_time":2400,"elapsed_time":2400,"total_elevation_gain":0,"type":"Swim","id":2040214426,"external_id":null,"upload_id":null,"start_date":"2018-12-28T13:30:00Z","start_date_local":"2018-12-28T13:30:00Z","timezone":"(GMT+00:00) Europe/Lisbon","utc_offset":0,"start_latlng":null,"end_latlng":null,"location_city":null,"location_state":null,"location_country":"Portugal","start_latitude":null,"start_longitude":null,"achievement_count":0,"kudos_count":6,"comment_count":0,"athlete_count":1,"photo_count":0,"map":{"id":"a2040214426","summary_polyline":null,"resource_state":2},"trainer":false,"commute":false,"manual":true,"private":false,"visibility":"everyone","flagged":false,"gear_id":null,"from_accepted_tag":null,"average_speed":0.625,"max_speed":0,"has_heartrate":false,"heartrate_opt_out":false,"display_hide_heartrate_option":false,"pr_count":0,"total_photo_count":0,"has_kudoed":false},{"resource_state":2,"athlete":{"id":19961218,"resource_state":1},"name":"Caminhada vespertina","distance":3637.1,"moving_time":3162,"elapsed_time":3912,"total_elevation_gain":20.6,"type":"Walk","id":2036740152,"external_id":"A933EAB0-20CA-40F5-9604-720E3A5C450A","upload_id":2176403974,"start_date":"2018-12-26T15:44:28Z","start_date_local":"2018-12-26T15:44:28Z","timezone":"(GMT+00:00) Europe/Lisbon","utc_offset":0,"start_latlng":[41.52,-8.78],"end_latlng":[41.52,-8.79],"location_city":null,"location_state":null,"location_country":"Portugal","start_latitude":41.52,"start_longitude":-8.78,"achievement_count":0,"kudos_count":4,"comment_count":0,"athlete_count":1,"photo_count":0,"map":{"id":"a2036740152","summary_polyline":"qzk|Fz{qt@kIhMgOvH_EjJqLbLRdBcBdB{ShHmJ_AiAnBrCfEd[F~MmLh`@aMlB}B","resource_state":2},"trainer":false,"commute":false,"manual":false,"private":false,"visibility":"everyone","flagged":false,"gear_id":"g3553344","from_accepted_tag":false,"average_speed":1.15,"max_speed":5.4,"has_heartrate":false,"heartrate_opt_out":false,"display_hide_heartrate_option":false,"elev_high":15.4,"elev_low":0.7,"pr_count":0,"total_photo_count":2,"has_kudoed":false},{"resource_state":2,"athlete":{"id":19961218,"resource_state":1},"name":"Pedalada matinal","distance":62525.5,"moving_time":9394,"elapsed_time":9594,"total_elevation_gain":1007,"type":"Ride","workout_type":10,"id":2036228520,"external_id":"637008A1-349B-45C2-83CE-A9CA01563850","upload_id":2175870407,"start_date":"2018-12-26T09:57:34Z","start_date_local":"2018-12-26T09:57:34Z","timezone":"(GMT+00:00) Europe/Lisbon","utc_offset":0,"start_latlng":[41.56,-8.43],"end_latlng":[41.56,-8.43],"location_city":null,"location_state":null,"location_country":"Portugal","start_latitude":41.56,"start_longitude":-8.43,"achievement_count":18,"kudos_count":7,"comment_count":0,"athlete_count":1,"photo_count":0,"map":{"id":"a2036228520","summary_polyline":"i`t|Fnslr@KrG{BaG`C}C{DgOzCoBwAkCkMhAqCaGmKoBw[fVyOcA_mAvd@og@rAmN}Fkm@~DaSmF~NumAcAqd@sBeF}JUsGqWxRc_@bAgL{NgXgHoo@fEqPaJcGYyFTbG~JtGt]yLdW{\\oRuR|BoMiNiXsAk\\ok@ut@aKs]{KgGcYyjAfDmKwJu_@lHuL|AqRsP}No@sd@dQoq@uaAhCmU}LaSoi@ud@b@uYjNkNoQrA_M}EyXvEeDzDi]qJe^pFeIYqGdQsU}d@kQqLi\\bI{OOaNmIyHrNa`@|LnAgFsn@fIgOkBcK`DkK{Cw@wQud@kU}KkAzEhFl]{@bPaN|e@gNvSbFnCjBlQuFzG{KcGlE`]aHnFuFdb@kLdSvTfIiA~`@nGtOsK|O_BvLjFtWzKl@tCrFwJf^h^vOlH|IuGjMbEdE^xPcJlBmQxP|IzW{JhV|O`[j^`Dh@xGuGpP`UbEvBtLbJfFpE|Pnb@|SdXhAhLt[zY`XiZ`x@bE~ChBnZjLzTfIrc@yCzOoNvTeCv]dCrRiHrz@vMtk@tHxQlOzMry@~\\nr@hgCjUoLvRrEbm@mElN|Fng@uApoAmd@rMr@xZ_VfL|B|BfFfMcBx@tDaCnBzDxN{BjDtC`FEuH","resource_state":2},"trainer":false,"commute":false,"manual":false,"private":false,"visibility":"everyone","flagged":false,"gear_id":"b5125965","from_accepted_tag":false,"average_speed":6.656,"max_speed":15.8,"average_watts":152.6,"kilojoules":1433.9,"device_watts":false,"has_heartrate":false,"heartrate_opt_out":false,"display_hide_heartrate_option":false,"elev_high":204.6,"elev_low":25,"pr_count":12,"total_photo_count":7,"has_kudoed":false},{"resource_state":2,"athlete":{"id":19961218,"resource_state":1},"name":"Pedalada matinal","distance":39155.5,"moving_time":6311,"elapsed_time":6480,"total_elevation_gain":749.4,"type":"Ride","workout_type":10,"id":2034547098,"external_id":"02CDF561-F4D5-4BCF-B3B2-A2593708E2B3","upload_id":2174084111,"start_date":"2018-12-25T09:52:47Z","start_date_local":"2018-12-25T09:52:47Z","timezone":"(GMT+00:00) Europe/Lisbon","utc_offset":0,"start_latlng":[41.56,-8.43],"end_latlng":[41.56,-8.43],"location_city":null,"location_state":null,"location_country":"Portugal","start_latitude":41.56,"start_longitude":-8.43,"achievement_count":4,"kudos_count":8,"comment_count":0,"athlete_count":1,"photo_count":0,"map":{"id":"a2034547098","summary_polyline":"s`t|Fvrlr@hAvDm@fBmCuFzBsC{BsK`Hq@dK`b@z[jUnCjHjFI~BhDfA}AvYq@hMgHfQnI~J}GsEyGGgDkQuHr@}]qE_KiFu`@yIcIi@qDgCaBuFqT_M}Q{E{C_MkTiA}GeEyGc@eJqHwIj@sFtj@`EhXdUtc@mChFrHxKp_@pY}Z{@kKaDsFK{NzAaDlJgApBcCvBuF_@eNb^gG~Q|EbBxDnA}@gCeFuI{BaDsIiKF}P_He_@gE_KgFaMiNgF{MtOaUDoDoNmCoEnAaHkCjTcRGsL{IaAkCbG|JeDwKxEg@tDcG`HsGkIsEd@q@aCdEwRkHeL_IlCwJCaDoB{CmI}EN_KeGjFiKbAqHY}B{F}CrByGeCcD_GR}ElFaH{EwFMqU~U{Fs@mN}O{Kp@_BtEf@tP~BxJe@`LbCnClLj@|AtPzG|FWtDsISqEzMiFjAXz^jNjc@|V`^|Tx}@qHQiN_Wy]qEqGsD{H|@gAsEB}IeQrAiGgBcHgHmH{A_EnCyFLqAvCcHkCmEeM`@cJ_Ba@kIdHqBhHyTtJvJdi@}GlKM~L`BlIrGhPlTlHjKbRjNtHtD|i@jFtG~EtA`IdKx@`OvPHnD}EzF_BvMyKzKpB~BvFnG}D~DjAp@|CcCbDvDxMcC|CdDzFB}H","resource_state":2},"trainer":false,"commute":false,"manual":false,"private":false,"visibility":"everyone","flagged":false,"gear_id":"b5125965","from_accepted_tag":false,"average_speed":6.204,"max_speed":18.7,"average_watts":158.8,"kilojoules":1002.2,"device_watts":false,"has_heartrate":false,"heartrate_opt_out":false,"display_hide_heartrate_option":false,"elev_high":569.3,"elev_low":111.8,"pr_count":1,"total_photo_count":0,"has_kudoed":false},{"resource_state":2,"athlete":{"id":19961218,"resource_state":1},"name":"Pedalada matinal","distance":41179.1,"moving_time":6649,"elapsed_time":6683,"total_elevation_gain":816.1,"type":"Ride","workout_type":10,"id":2032937068,"external_id":"91886F7F-3144-4F03-9A2B-C76C2C1E67C5","upload_id":2172392640,"start_date":"2018-12-24T09:19:53Z","start_date_local":"2018-12-24T09:19:53Z","timezone":"(GMT+00:00) Europe/Lisbon","utc_offset":0,"start_latlng":[41.56,-8.43],"end_latlng":[41.56,-8.43],"location_city":null,"location_state":null,"location_country":"Portugal","start_latitude":41.56,"start_longitude":-8.43,"achievement_count":5,"kudos_count":9,"comment_count":0,"athlete_count":1,"photo_count":0,"map":{"id":"a2032937068","summary_polyline":"e`t|Fnrlr@LhHsC{FbC{CcC}JvGeA~Jla@r\\nVvClH|IhCdZkB`O}HbQnIjK_H_FgMyQwIv@}\\sLml@cOmQ{E{S}b@im@qH}[_IcJ^gJuJwJhCmQbJoH[{LxJaBhB_Q`IuF{KyEbJ{Bgi@_MvIfBgCwF~B{DpQ_JhGyLh\\sNdMkRsDkGqO_AeEoJkQcF|FoT_F{GtAaHeB}DoN|FkQ{EuThU{SqPqJg@qDnFxBrk@|OnDhIb]qHDoJnO}NuLy[qDy}@jIe\\ce@tCqV_JkT}[uQcLk_@qTG\\iNsOaYaEhHuBsE_FtEm@nHdJ`P?bHeCxXqHvJJvGrS`\\`AvZrNvZyBhM~SvSzNfXpRjo@rSjGfJlg@{G`NnHmMoJ{j@hSyHlOoQhDtWfI~DzOeIlYtNfP}AdBjPfq@lJ`N~X~J[rBuGvFfHhIp\\bb@|l@`FtS}a@nXjFz{@yLdCgAaLmKbGqTl@sBo@E_I","resource_state":2},"trainer":false,"commute":false,"manual":false,"private":false,"visibility":"everyone","flagged":false,"gear_id":"b5125965","from_accepted_tag":false,"average_speed":6.193,"max_speed":17,"average_watts":157.2,"kilojoules":1045.3,"device_watts":false,"has_heartrate":false,"heartrate_opt_out":false,"display_hide_heartrate_option":false,"elev_high":487,"elev_low":83.3,"pr_count":3,"total_photo_count":0,"has_kudoed":false},{"resource_state":2,"athlete":{"id":19961218,"resource_state":1},"name":"Pedalada da hora do almoço","distance":36156.8,"moving_time":5703,"elapsed_time":5733,"total_elevation_gain":623.9,"type":"Ride","workout_type":10,"id":2029529372,"external_id":"3E70840E-C544-45D4-A191-941FF9D3A8E7","upload_id":2168789462,"start_date":"2018-12-22T11:24:05Z","start_date_local":"2018-12-22T11:24:05Z","timezone":"(GMT+00:00) Europe/Lisbon","utc_offset":0,"start_latlng":[41.56,-8.43],"end_latlng":[41.56,-8.43],"location_city":null,"location_state":null,"location_country":"Portugal","start_latitude":41.56,"start_longitude":-8.43,"achievement_count":1,"kudos_count":6,"comment_count":0,"athlete_count":1,"photo_count":0,"map":{"id":"a2029529372","summary_polyline":"k`t|Fnrlr@hAdDy@bCiCwFbCcD}DiNxBoCq@{CmEeAgG`DoCsF}K{BgMtK}FhBuD~EmP{@qf@vTge@~N_g@pAoO}Fgm@|DiRwE`C_a@hEeRbDeZiAud@aBcEiJEyH_Yp@cCvDeBbCaLfH{In@wKmNkWqHgr@vCcMl`@{MtVq\\cE{AoLkPrByLoMwWqBsOXaLuSa]MyGjEkCdBkFlCw_@iKuUrAcEtCiAtB{L{AqEkGqEmJGqHaQd@eF{@oGiHyHlAmKxBqCwBeEqFkB_AqJ}D}AkBeFwB{@gC?qJbHbC{BPsIlFsKtBEjJ{J~KmAdDyE\\wDzYoInBkDbTrh@pOxErCnDfLvAzKuK|H^KzHhDbPrCk@fBjDpDGnAnR|E|RsFfWiC|\\iE|FgPk@oBpCYrErBjFzQrPlB`QfGpLhAnQzGpSQjf@hGxSbDlEzLpC~A}A`u@kGxRjCzIpHrCzH]jVtDrOrHxTnVv\\rV`aApAQXeHlGlGrAzLdEtG~@pGnb@xl@~E`RMnBu`@|VtAhUqBvOyNnAcFbDmA}CoDHyBoDwNnN`ChGz@oBs@eF","resource_state":2},"trainer":false,"commute":false,"manual":false,"private":false,"visibility":"everyone","flagged":false,"gear_id":"b5125965","from_accepted_tag":false,"average_speed":6.34,"max_speed":14.1,"average_watts":148,"kilojoules":844,"device_watts":false,"has_heartrate":false,"heartrate_opt_out":false,"display_hide_heartrate_option":false,"elev_high":378.4,"elev_low":25,"pr_count":0,"total_photo_count":0,"has_kudoed":false},{"resource_state":2,"athlete":{"id":19961218,"resource_state":1},"name":"Treino semanal","distance":2000,"moving_time":3000,"elapsed_time":3000,"total_elevation_gain":0,"type":"Swim","id":2028482365,"external_id":null,"upload_id":null,"start_date":"2018-12-21T15:00:00Z","start_date_local":"2018-12-21T15:00:00Z","timezone":"(GMT+00:00) Europe/Lisbon","utc_offset":0,"start_latlng":null,"end_latlng":null,"location_city":null,"location_state":null,"location_country":"Portugal","start_latitude":null,"start_longitude":null,"achievement_count":0,"kudos_count":4,"comment_count":0,"athlete_count":1,"photo_count":0,"map":{"id":"a2028482365","summary_polyline":null,"resource_state":2},"trainer":false,"commute":false,"manual":true,"private":false,"visibility":"everyone","flagged":false,"gear_id":null,"from_accepted_tag":null,"average_speed":0.667,"max_speed":0,"has_heartrate":false,"heartrate_opt_out":false,"display_hide_heartrate_option":false,"pr_count":0,"total_photo_count":0,"has_kudoed":false},{"resource_state":2,"athlete":{"id":19961218,"resource_state":1},"name":"Estágio de Natal de Orientação: montagem e verificação de pontos","distance":3237.8,"moving_time":1899,"elapsed_time":3490,"total_elevation_gain":105.1,"type":"Run","workout_type":0,"id":2026376464,"external_id":"448C0FF1-723A-47E0-8809-DB9B182CD2BE","upload_id":2165510127,"start_date":"2018-12-20T10:14:22Z","start_date_local":"2018-12-20T10:14:22Z","timezone":"(GMT+00:00) Europe/Lisbon","utc_offset":0,"start_latlng":[41.7,-8.27],"end_latlng":[41.7,-8.27],"location_city":null,"location_state":null,"location_country":"Portugal","start_latitude":41.7,"start_longitude":-8.27,"achievement_count":0,"kudos_count":4,"comment_count":0,"athlete_count":1,"photo_count":0,"map":{"id":"a2026376464","summary_polyline":"ijo}Ftboq@z@FPcCaAkDfBuClB`E|@kBhDfD~AmD}D}JcAd@Z{BaCs@mHzIp@hDgBlDnD`Fv@aBj@oP~DkKkFvEjA~IcBtC]jI","resource_state":2},"trainer":false,"commute":false,"manual":false,"private":false,"visibility":"everyone","flagged":false,"gear_id":"g3553344","from_accepted_tag":false,"average_speed":1.705,"max_speed":7.6,"has_heartrate":false,"heartrate_opt_out":false,"display_hide_heartrate_option":false,"elev_high":829.4,"elev_low":775.6,"pr_count":0,"total_photo_count":0,"has_kudoed":false},{"resource_state":2,"athlete":{"id":19961218,"resource_state":1},"name":"Treino semanal","distance":2500,"moving_time":3600,"elapsed_time":3600,"total_elevation_gain":0,"type":"Swim","id":2023621644,"external_id":null,"upload_id":null,"start_date":"2018-12-18T12:00:00Z","start_date_local":"2018-12-18T12:00:00Z","timezone":"(GMT+00:00) Europe/Lisbon","utc_offset":0,"start_latlng":null,"end_latlng":null,"location_city":null,"location_state":null,"location_country":"Portugal","start_latitude":null,"start_longitude":null,"achievement_count":0,"kudos_count":4,"comment_count":0,"athlete_count":1,"photo_count":0,"map":{"id":"a2023621644","summary_polyline":null,"resource_state":2},"trainer":false,"commute":false,"manual":true,"private":false,"visibility":"everyone","flagged":false,"gear_id":null,"from_accepted_tag":null,"average_speed":0.694,"max_speed":0,"has_heartrate":false,"heartrate_opt_out":false,"display_hide_heartrate_option":false,"pr_count":0,"total_photo_count":0,"has_kudoed":false},{"resource_state":2,"athlete":{"id":19961218,"resource_state":1},"name":"S. Silvestre de Braga 2018","distance":10174.9,"moving_time":2816,"elapsed_time":2920,"total_elevation_gain":98.7,"type":"Run","workout_type":1,"id":2020717702,"external_id":"A775881B-0072-4513-902C-4BCB1A7BC9BE","upload_id":2159564100,"start_date":"2018-12-16T18:58:58Z","start_date_local":"2018-12-16T18:58:58Z","timezone":"(GMT+00:00) Europe/Lisbon","utc_offset":0,"start_latlng":[41.55,-8.42],"end_latlng":[41.55,-8.42],"location_city":null,"location_state":null,"location_country":"Portugal","start_latitude":41.55,"start_longitude":-8.42,"achievement_count":1,"kudos_count":12,"comment_count":0,"athlete_count":95,"photo_count":0,"map":{"id":"a2020717702","summary_polyline":"cor|Fz|kr@y@xGyMX_CbDbD`GpD^XtKrCQlBxE~XsAC}EeBeE{EfC_DyNjBiHtCcAm@aFxPsHxIvl@lIzZ|@UsKy[}Hcj@fCkD|OeGkTpIkBiGyL}KeWyx@ArCtSho@cLvHiRo@sRdE|GbYfHjLhQiBp@eF","resource_state":2},"trainer":false,"commute":false,"manual":false,"private":false,"visibility":"everyone","flagged":false,"gear_id":"g3553344","from_accepted_tag":false,"average_speed":3.485,"max_speed":7.8,"has_heartrate":false,"heartrate_opt_out":false,"display_hide_heartrate_option":false,"elev_high":217.1,"elev_low":161.5,"pr_count":1,"total_photo_count":0,"has_kudoed":false},{"resource_state":2,"athlete":{"id":19961218,"resource_state":1},"name":"Pedalada da hora do almoço","distance":24075.1,"moving_time":4033,"elapsed_time":4250,"total_elevation_gain":495.5,"type":"Ride","workout_type":10,"id":2016597730,"external_id":"BC5FE849-2714-47D2-B31E-13BF42C8E254","upload_id":2155209231,"start_date":"2018-12-14T11:53:19Z","start_date_local":"2018-12-14T11:53:19Z","timezone":"(GMT+00:00) Europe/Lisbon","utc_offset":0,"start_latlng":[41.56,-8.43],"end_latlng":[41.56,-8.43],"location_city":null,"location_state":null,"location_country":"Portugal","start_latitude":41.56,"start_longitude":-8.43,"achievement_count":2,"kudos_count":6,"comment_count":0,"athlete_count":1,"photo_count":0,"map":{"id":"a2016597730","summary_polyline":"i`t|Fjrlr@_@vFeByE|C{BaDsKdH_AzJpa@z\\vVbDlIzEy@xBhDvC}AzUKrNoItP|IdKcHqEgHAgDgRcIz@}]cEoJkFs`@cOaQcFsS{EqFoF{MoGqDsKoQy@cGqEwGAsHoAcDqGwGFcKyIaHhCkSxIgGYaNzJyAjAmOpIoH{JkEdImCqL]e[eKbD}@~CnC{BaGpCiElLqG~Ej@dHjG`UC`ViOns@fDLnF}HxH}E`LvErKjMpN`SzHnX`CfQzGvIG|DnJnHxAfCfDi@~BiCsE{JcAyE{CsDdCcXlCVfOwAnDkCjDuJrAyAtD^~OrC~Dp@tKaZfX|AlTcDfGqT~IwTwAws@zc@z@~VyAnQkGiBmNbG_AyCsDNeCkDuNvNtC`Gv@{Bk@_G","resource_state":2},"trainer":false,"commute":false,"manual":false,"private":false,"visibility":"everyone","flagged":false,"gear_id":"b5125965","from_accepted_tag":false,"average_speed":5.97,"max_speed":17,"average_watts":163,"kilojoules":657.4,"device_watts":false,"has_heartrate":false,"heartrate_opt_out":false,"display_hide_heartrate_option":false,"elev_high":530.3,"elev_low":148.6,"pr_count":0,"total_photo_count":0,"has_kudoed":false},{"resource_state":2,"athlete":{"id":19961218,"resource_state":1},"name":"Treino de Squash com o Miguel Ferreira","distance":5000,"moving_time":3600,"elapsed_time":3600,"total_elevation_gain":0,"type":"Workout","id":2015692558,"external_id":null,"upload_id":null,"start_date":"2018-12-12T18:00:00Z","start_date_local":"2018-12-12T18:00:00Z","timezone":"(GMT+00:00) Europe/Lisbon","utc_offset":0,"start_latlng":null,"end_latlng":null,"location_city":null,"location_state":null,"location_country":"Portugal","start_latitude":null,"start_longitude":null,"achievement_count":0,"kudos_count":1,"comment_count":0,"athlete_count":1,"photo_count":0,"map":{"id":"a2015692558","summary_polyline":null,"resource_state":2},"trainer":false,"commute":false,"manual":true,"private":false,"visibility":"everyone","flagged":false,"gear_id":null,"from_accepted_tag":null,"average_speed":1.389,"max_speed":0,"has_heartrate":false,"heartrate_opt_out":false,"display_hide_heartrate_option":false,"pr_count":0,"total_photo_count":0,"has_kudoed":false},{"resource_state":2,"athlete":{"id":19961218,"resource_state":1},"name":"Treino semanal","distance":3000,"moving_time":4500,"elapsed_time":4500,"total_elevation_gain":0,"type":"Swim","id":2012247737,"external_id":null,"upload_id":null,"start_date":"2018-12-11T15:00:00Z","start_date_local":"2018-12-11T15:00:00Z","timezone":"(GMT+00:00) Europe/Lisbon","utc_offset":0,"start_latlng":null,"end_latlng":null,"location_city":null,"location_state":null,"location_country":"Portugal","start_latitude":null,"start_longitude":null,"achievement_count":0,"kudos_count":3,"comment_count":0,"athlete_count":1,"photo_count":0,"map":{"id":"a2012247737","summary_polyline":null,"resource_state":2},"trainer":false,"commute":false,"manual":true,"private":false,"visibility":"everyone","flagged":false,"gear_id":null,"from_accepted_tag":null,"average_speed":0.667,"max_speed":0,"has_heartrate":false,"heartrate_opt_out":false,"display_hide_heartrate_option":false,"pr_count":0,"total_photo_count":0,"has_kudoed":false},{"resource_state":2,"athlete":{"id":19961218,"resource_state":1},"name":"Desmontar os pontos do treino de Orientação da semana anterior","distance":4916.9,"moving_time":2977,"elapsed_time":3783,"total_elevation_gain":141.5,"type":"Run","workout_type":0,"id":2011721206,"external_id":"AAA8EE44-7FB3-4D7C-B241-9B56D14D015F","upload_id":2150124153,"start_date":"2018-12-11T13:00:39Z","start_date_local":"2018-12-11T13:00:39Z","timezone":"(GMT+00:00) Europe/Lisbon","utc_offset":0,"start_latlng":[41.56,-8.35],"end_latlng":[41.56,-8.35],"location_city":null,"location_state":null,"location_country":"Portugal","start_latitude":41.56,"start_longitude":-8.35,"achievement_count":0,"kudos_count":1,"comment_count":0,"athlete_count":1,"photo_count":0,"map":{"id":"a2011721206","summary_polyline":"egt|Fj||q@TgA_FgF?yBkByBxBmDSwKaER?oCq@vEeGpAm@~Bm@kAcCjA{@eBwAfEiBYn@sAkCaJd@mAwCyHtEV_AXx@dGtBx@iBdE|A|HyCQo@nBhDxOdK|GnAiEmDaBcGsRvHaFjHmADxDxAl@J~JvJvHKfA","resource_state":2},"trainer":false,"commute":false,"manual":false,"private":false,"visibility":"everyone","flagged":false,"gear_id":"g3553344","from_accepted_tag":false,"average_speed":1.652,"max_speed":3.4,"has_heartrate":false,"heartrate_opt_out":false,"display_hide_heartrate_option":false,"elev_high":549.1,"elev_low":466.2,"pr_count":0,"total_photo_count":0,"has_kudoed":false},{"resource_state":2,"athlete":{"id":19961218,"resource_state":1},"name":"Treino funcional","distance":3000,"moving_time":2400,"elapsed_time":2400,"total_elevation_gain":0,"type":"Crossfit","id":2012255333,"external_id":null,"upload_id":null,"start_date":"2018-12-10T17:30:00Z","start_date_local":"2018-12-10T17:30:00Z","timezone":"(GMT+00:00) Europe/Lisbon","utc_offset":0,"start_latlng":null,"end_latlng":null,"location_city":null,"location_state":null,"location_country":"Portugal","start_latitude":null,"start_longitude":null,"achievement_count":0,"kudos_count":2,"comment_count":0,"athlete_count":1,"photo_count":0,"map":{"id":"a2012255333","summary_polyline":null,"resource_state":2},"trainer":false,"commute":false,"manual":true,"private":false,"visibility":"everyone","flagged":false,"gear_id":null,"from_accepted_tag":null,"average_speed":1.25,"max_speed":0,"has_heartrate":false,"heartrate_opt_out":false,"display_hide_heartrate_option":false,"pr_count":0,"total_photo_count":0,"has_kudoed":false},{"resource_state":2,"athlete":{"id":19961218,"resource_state":1},"name":"Corrida pelos Direitos Humanos","distance":6447.7,"moving_time":1821,"elapsed_time":1821,"total_elevation_gain":93.8,"type":"Run","workout_type":1,"id":2007881208,"external_id":"0053E747-2783-4271-B9C3-C496B873E1C1","upload_id":2146110108,"start_date":"2018-12-09T10:09:25Z","start_date_local":"2018-12-09T10:09:25Z","timezone":"(GMT+00:00) Europe/Lisbon","utc_offset":0,"start_latlng":[41.55,-8.4],"end_latlng":[41.55,-8.4],"location_city":null,"location_state":null,"location_country":"Portugal","start_latitude":41.55,"start_longitude":-8.4,"achievement_count":2,"kudos_count":8,"comment_count":0,"athlete_count":36,"photo_count":0,"map":{"id":"a2007881208","summary_polyline":"w`s|Fvugr@|GoCmAaQh@eGnYdB~GvH}CzJgAzStAiR~CcMeKyH{UiBiA|A^xWp@a@s@sXtVv@hJtGiEta@xA_T|C_KgJyHsWwAq@pVoExF","resource_state":2},"trainer":false,"commute":false,"manual":false,"private":false,"visibility":"everyone","flagged":false,"gear_id":"g3553344","from_accepted_tag":false,"average_speed":3.541,"max_speed":6.2,"has_heartrate":false,"heartrate_opt_out":false,"display_hide_heartrate_option":false,"elev_high":197.3,"elev_low":174.1,"pr_count":0,"total_photo_count":0,"has_kudoed":false},{"resource_state":2,"athlete":{"id":19961218,"resource_state":1},"name":"Pedalada matinal","distance":52127.3,"moving_time":7654,"elapsed_time":8234,"total_elevation_gain":654.5,"type":"Ride","workout_type":10,"id":2006113531,"external_id":"12E80DD9-9F83-4454-85A5-C2AECA5F7673","upload_id":2144264841,"start_date":"2018-12-08T08:55:08Z","start_date_local":"2018-12-08T08:55:08Z","timezone":"(GMT+00:00) Europe/Lisbon","utc_offset":0,"start_latlng":[41.56,-8.43],"end_latlng":[41.56,-8.43],"location_city":null,"location_state":null,"location_country":"Portugal","start_latitude":41.56,"start_longitude":-8.43,"achievement_count":0,"kudos_count":5,"comment_count":0,"athlete_count":5,"photo_count":0,"map":{"id":"a2006113531","summary_polyline":"m_t|F`tlr@f@jCu@rBcCoG|NcNtBjDxD??fEfIeGpMe@dAoCl@}KaAgQ{E}`@mLoYNiEbMsAwDwKdD{CiIcT|@m@hBdChArHvKpPoFF_IqYuBeCfDbAtBhJd_@vi@y@t@x@tCiIrG|A~GrBLzA~EgFdFdOdRfDdJxFfe@vJp_@xVnLrj@td@xGtLhFl\\lSrH{DtS{FfEcCrSjMxe@HpMfE~JLfHxCtHvE~DbIzQhQ~PzF|Dj_@fKfK`^fNlPzAxI~F`H|@~FhGzEjFzIpFvBhHbJbEjBJhNxR`OzOp^vCjB~EvJ|GbDfAzExJzMxK~ExJvr@fBlGxDrEo@|O|f@zXfIdX`NxUrYxVfPY|TtPnLoCfBlDQlHlBxBfGeEpB`BiBmBDyDhPuIdf@lpAuDzOwdAvk@iJMgHhDqaA_CwJ|Cik@eWmh@nLqSNgdArQeFrOwGhJ{@b]cArCmx@f_@qMxCcAa^gHwf@xAuVw@gGkMaVeLeGeXqg@wCyLuJiCyAuCnByj@xOcxAgXmeB_@mw@cCgi@pEys@pS{^x@iEq\\quD{EaSyIyFq@aCP}NjIoA~BgDFcRz@_C{@qDGg[wa@eMuXo\\_SeCcMqNmGqByC_IgC^]iK}D@[jDoCx@qSbAsEaAl@uBq@aF","resource_state":2},"trainer":false,"commute":false,"manual":false,"private":false,"visibility":"everyone","flagged":false,"gear_id":"b5125965","from_accepted_tag":false,"average_speed":6.81,"max_speed":14.7,"average_watts":139.1,"kilojoules":1064.5,"device_watts":false,"has_heartrate":false,"heartrate_opt_out":false,"display_hide_heartrate_option":false,"elev_high":202.8,"elev_low":28.4,"pr_count":0,"total_photo_count":0,"has_kudoed":false},{"resource_state":2,"athlete":{"id":19961218,"resource_state":1},"name":"Treino de Squash com o Miguel Ferreira","distance":5000,"moving_time":3600,"elapsed_time":3600,"total_elevation_gain":0,"type":"Workout","id":2005485905,"external_id":null,"upload_id":null,"start_date":"2018-12-07T18:00:00Z","start_date_local":"2018-12-07T18:00:00Z","timezone":"(GMT+00:00) Europe/Lisbon","utc_offset":0,"start_latlng":null,"end_latlng":null,"location_city":null,"location_state":null,"location_country":"Portugal","start_latitude":null,"start_longitude":null,"achievement_count":0,"kudos_count":2,"comment_count":0,"athlete_count":1,"photo_count":0,"map":{"id":"a2005485905","summary_polyline":null,"resource_state":2},"trainer":false,"commute":false,"manual":true,"private":false,"visibility":"everyone","flagged":false,"gear_id":null,"from_accepted_tag":null,"average_speed":1.389,"max_speed":0,"has_heartrate":false,"heartrate_opt_out":false,"display_hide_heartrate_option":false,"pr_count":0,"total_photo_count":0,"has_kudoed":false}]
