<?xml version="1.0" encoding="UTF-8"?>
<!DOCTYPE manifesto SYSTEM "file:/home/beggar/Universidade/4%C2%BA%20Ano/PLC/PRI/manifesto.dtd">
<manifesto>
    <meta>
        <id>TP5</id>
        <título>Criação de um website para o arquivo de música digital através de JSON</título>
        <subtítulo></subtítulo>
        <dinício>15 de outubro de 2018</dinício>
        <dfim>22 de outubro de 2018</dfim>
        <supervisor>
            <nome>José Carlos Ramalho</nome>
            <email>jcr@di.uminho.pt</email>
            <website>http://www.di.uminho.pt/~jcr</website>
        </supervisor>
    </meta>
    <equipe>
        <elemento>
            <nome>Alexandre Dias</nome>
            <id>78425</id>
            <email>a78425@alunos.uminho.pt</email>
            <website></website>
            <foto path=""/>
        </elemento>
    </equipe>
    <resumo>
        <para>Foi ainda criado um ficheiro node para dar suporte ao website criado, através da análise de ficheiros json.</para>
        <para>Foram ainda feitos templates em pug para a geração das páginas html.</para>
    </resumo>
    <resultados>
        <resultado path="https://github.com/87Beggar/PRI2018-A78425">Repositório de GitHub</resultado>
    </resultados>
</manifesto>